{
    "loss": [527.0527954101562, 260.13214111328125, 110.8358383178711, 65.03495788574219, 49.419410705566406, 36.593597412109375, 26.13248062133789, 18.028329849243164, 12.23628044128418, 8.69715690612793], 
    "accuracy": [0.011250000447034836, 0.007499999832361937, 0.005625000223517418, 0.010625000111758709, 0.006874999962747097, 0.0037499999161809683, 0.007499999832361937, 0.0062932660803198814, 0.005034612957388163, 0.0043750000186264515], 
    "val_loss": [373.16168212890625, 164.93136596679688, 75.44121551513672, 56.54584884643555, 42.54813003540039, 30.91674041748047, 21.649099349975586, 14.733342170715332, 10.085707664489746, 7.600776195526123], 
    "val_accuracy": [0.0062500000931322575, 0.004999999888241291, 0.004999999888241291, 0.004999999888241291, 0.004999999888241291, 0.011250000447034836, 0.004999999888241291, 0.0037499999161809683, 0.0024999999441206455, 0.004999999888241291]}